,identifier,mutation,chain,fasta,fasta_mutation,ph,temperature
0,1NWW,E6K,A,MTSKIEQPRWASKDSAAGAASTPDEKIVLEFMDALTSNDAAKLIEYFAEDTMYQNMPLPPAYGRDAVEQTLAGLFTVMSIDAVETFHIGSSNGLVYTERVDVLRALPTGKSYNLSILGVFQLTEGKITGWRDYFDLREFEEAVDLPLRG,E6K,7.0,25.0
1,1NWW,E6L,A,MTSKIEQPRWASKDSAAGAASTPDEKIVLEFMDALTSNDAAKLIEYFAEDTMYQNMPLPPAYGRDAVEQTLAGLFTVMSIDAVETFHIGSSNGLVYTERVDVLRALPTGKSYNLSILGVFQLTEGKITGWRDYFDLREFEEAVDLPLRG,E6L,7.0,25.0
2,1NWW,E6P,A,MTSKIEQPRWASKDSAAGAASTPDEKIVLEFMDALTSNDAAKLIEYFAEDTMYQNMPLPPAYGRDAVEQTLAGLFTVMSIDAVETFHIGSSNGLVYTERVDVLRALPTGKSYNLSILGVFQLTEGKITGWRDYFDLREFEEAVDLPLRG,E6P,7.0,25.0
3,1NWW,E6Q,A,MTSKIEQPRWASKDSAAGAASTPDEKIVLEFMDALTSNDAAKLIEYFAEDTMYQNMPLPPAYGRDAVEQTLAGLFTVMSIDAVETFHIGSSNGLVYTERVDVLRALPTGKSYNLSILGVFQLTEGKITGWRDYFDLREFEEAVDLPLRG,E6Q,7.0,25.0
4,1NWW,E6R,A,MTSKIEQPRWASKDSAAGAASTPDEKIVLEFMDALTSNDAAKLIEYFAEDTMYQNMPLPPAYGRDAVEQTLAGLFTVMSIDAVETFHIGSSNGLVYTERVDVLRALPTGKSYNLSILGVFQLTEGKITGWRDYFDLREFEEAVDLPLRG,E6R,7.0,25.0
5,1NWW,E6T,A,MTSKIEQPRWASKDSAAGAASTPDEKIVLEFMDALTSNDAAKLIEYFAEDTMYQNMPLPPAYGRDAVEQTLAGLFTVMSIDAVETFHIGSSNGLVYTERVDVLRALPTGKSYNLSILGVFQLTEGKITGWRDYFDLREFEEAVDLPLRG,E6T,7.0,25.0
6,1NWW,Q7F,A,MTSKIEQPRWASKDSAAGAASTPDEKIVLEFMDALTSNDAAKLIEYFAEDTMYQNMPLPPAYGRDAVEQTLAGLFTVMSIDAVETFHIGSSNGLVYTERVDVLRALPTGKSYNLSILGVFQLTEGKITGWRDYFDLREFEEAVDLPLRG,Q7F,7.0,25.0
7,1NWW,Q7I,A,MTSKIEQPRWASKDSAAGAASTPDEKIVLEFMDALTSNDAAKLIEYFAEDTMYQNMPLPPAYGRDAVEQTLAGLFTVMSIDAVETFHIGSSNGLVYTERVDVLRALPTGKSYNLSILGVFQLTEGKITGWRDYFDLREFEEAVDLPLRG,Q7I,7.0,25.0
8,1NWW,Q7L,A,MTSKIEQPRWASKDSAAGAASTPDEKIVLEFMDALTSNDAAKLIEYFAEDTMYQNMPLPPAYGRDAVEQTLAGLFTVMSIDAVETFHIGSSNGLVYTERVDVLRALPTGKSYNLSILGVFQLTEGKITGWRDYFDLREFEEAVDLPLRG,Q7L,7.0,25.0
9,1NWW,Q7M,A,MTSKIEQPRWASKDSAAGAASTPDEKIVLEFMDALTSNDAAKLIEYFAEDTMYQNMPLPPAYGRDAVEQTLAGLFTVMSIDAVETFHIGSSNGLVYTERVDVLRALPTGKSYNLSILGVFQLTEGKITGWRDYFDLREFEEAVDLPLRG,Q7M,7.0,25.0
10,1NWW,Q7P,A,MTSKIEQPRWASKDSAAGAASTPDEKIVLEFMDALTSNDAAKLIEYFAEDTMYQNMPLPPAYGRDAVEQTLAGLFTVMSIDAVETFHIGSSNGLVYTERVDVLRALPTGKSYNLSILGVFQLTEGKITGWRDYFDLREFEEAVDLPLRG,Q7P,7.0,25.0
11,1NWW,Q7R,A,MTSKIEQPRWASKDSAAGAASTPDEKIVLEFMDALTSNDAAKLIEYFAEDTMYQNMPLPPAYGRDAVEQTLAGLFTVMSIDAVETFHIGSSNGLVYTERVDVLRALPTGKSYNLSILGVFQLTEGKITGWRDYFDLREFEEAVDLPLRG,Q7R,7.0,25.0
12,1NWW,Q7V,A,MTSKIEQPRWASKDSAAGAASTPDEKIVLEFMDALTSNDAAKLIEYFAEDTMYQNMPLPPAYGRDAVEQTLAGLFTVMSIDAVETFHIGSSNGLVYTERVDVLRALPTGKSYNLSILGVFQLTEGKITGWRDYFDLREFEEAVDLPLRG,Q7V,7.0,25.0
13,1NWW,Q7W,A,MTSKIEQPRWASKDSAAGAASTPDEKIVLEFMDALTSNDAAKLIEYFAEDTMYQNMPLPPAYGRDAVEQTLAGLFTVMSIDAVETFHIGSSNGLVYTERVDVLRALPTGKSYNLSILGVFQLTEGKITGWRDYFDLREFEEAVDLPLRG,Q7W,7.0,25.0
14,1NWW,P8W,A,MTSKIEQPRWASKDSAAGAASTPDEKIVLEFMDALTSNDAAKLIEYFAEDTMYQNMPLPPAYGRDAVEQTLAGLFTVMSIDAVETFHIGSSNGLVYTERVDVLRALPTGKSYNLSILGVFQLTEGKITGWRDYFDLREFEEAVDLPLRG,P8W,7.0,25.0
15,1NWW,P8Y,A,MTSKIEQPRWASKDSAAGAASTPDEKIVLEFMDALTSNDAAKLIEYFAEDTMYQNMPLPPAYGRDAVEQTLAGLFTVMSIDAVETFHIGSSNGLVYTERVDVLRALPTGKSYNLSILGVFQLTEGKITGWRDYFDLREFEEAVDLPLRG,P8Y,7.0,25.0
16,1NWW,R9P,A,MTSKIEQPRWASKDSAAGAASTPDEKIVLEFMDALTSNDAAKLIEYFAEDTMYQNMPLPPAYGRDAVEQTLAGLFTVMSIDAVETFHIGSSNGLVYTERVDVLRALPTGKSYNLSILGVFQLTEGKITGWRDYFDLREFEEAVDLPLRG,R9P,7.0,25.0
17,1NWW,R9W,A,MTSKIEQPRWASKDSAAGAASTPDEKIVLEFMDALTSNDAAKLIEYFAEDTMYQNMPLPPAYGRDAVEQTLAGLFTVMSIDAVETFHIGSSNGLVYTERVDVLRALPTGKSYNLSILGVFQLTEGKITGWRDYFDLREFEEAVDLPLRG,R9W,7.0,25.0
18,1NWW,A11R,A,MTSKIEQPRWASKDSAAGAASTPDEKIVLEFMDALTSNDAAKLIEYFAEDTMYQNMPLPPAYGRDAVEQTLAGLFTVMSIDAVETFHIGSSNGLVYTERVDVLRALPTGKSYNLSILGVFQLTEGKITGWRDYFDLREFEEAVDLPLRG,A11R,7.0,25.0
19,1NWW,S12L,A,MTSKIEQPRWASKDSAAGAASTPDEKIVLEFMDALTSNDAAKLIEYFAEDTMYQNMPLPPAYGRDAVEQTLAGLFTVMSIDAVETFHIGSSNGLVYTERVDVLRALPTGKSYNLSILGVFQLTEGKITGWRDYFDLREFEEAVDLPLRG,S12L,7.0,25.0
20,1NWW,S12M,A,MTSKIEQPRWASKDSAAGAASTPDEKIVLEFMDALTSNDAAKLIEYFAEDTMYQNMPLPPAYGRDAVEQTLAGLFTVMSIDAVETFHIGSSNGLVYTERVDVLRALPTGKSYNLSILGVFQLTEGKITGWRDYFDLREFEEAVDLPLRG,S12M,7.0,25.0
21,1NWW,S12R,A,MTSKIEQPRWASKDSAAGAASTPDEKIVLEFMDALTSNDAAKLIEYFAEDTMYQNMPLPPAYGRDAVEQTLAGLFTVMSIDAVETFHIGSSNGLVYTERVDVLRALPTGKSYNLSILGVFQLTEGKITGWRDYFDLREFEEAVDLPLRG,S12R,7.0,25.0
22,1NWW,K13P,A,MTSKIEQPRWASKDSAAGAASTPDEKIVLEFMDALTSNDAAKLIEYFAEDTMYQNMPLPPAYGRDAVEQTLAGLFTVMSIDAVETFHIGSSNGLVYTERVDVLRALPTGKSYNLSILGVFQLTEGKITGWRDYFDLREFEEAVDLPLRG,K13P,7.0,25.0
23,1NWW,K13R,A,MTSKIEQPRWASKDSAAGAASTPDEKIVLEFMDALTSNDAAKLIEYFAEDTMYQNMPLPPAYGRDAVEQTLAGLFTVMSIDAVETFHIGSSNGLVYTERVDVLRALPTGKSYNLSILGVFQLTEGKITGWRDYFDLREFEEAVDLPLRG,K13R,7.0,25.0
24,1NWW,D14W,A,MTSKIEQPRWASKDSAAGAASTPDEKIVLEFMDALTSNDAAKLIEYFAEDTMYQNMPLPPAYGRDAVEQTLAGLFTVMSIDAVETFHIGSSNGLVYTERVDVLRALPTGKSYNLSILGVFQLTEGKITGWRDYFDLREFEEAVDLPLRG,D14W,7.0,25.0
25,1NWW,S15K,A,MTSKIEQPRWASKDSAAGAASTPDEKIVLEFMDALTSNDAAKLIEYFAEDTMYQNMPLPPAYGRDAVEQTLAGLFTVMSIDAVETFHIGSSNGLVYTERVDVLRALPTGKSYNLSILGVFQLTEGKITGWRDYFDLREFEEAVDLPLRG,S15K,7.0,25.0
26,1NWW,S15P,A,MTSKIEQPRWASKDSAAGAASTPDEKIVLEFMDALTSNDAAKLIEYFAEDTMYQNMPLPPAYGRDAVEQTLAGLFTVMSIDAVETFHIGSSNGLVYTERVDVLRALPTGKSYNLSILGVFQLTEGKITGWRDYFDLREFEEAVDLPLRG,S15P,7.0,25.0
27,1NWW,S15R,A,MTSKIEQPRWASKDSAAGAASTPDEKIVLEFMDALTSNDAAKLIEYFAEDTMYQNMPLPPAYGRDAVEQTLAGLFTVMSIDAVETFHIGSSNGLVYTERVDVLRALPTGKSYNLSILGVFQLTEGKITGWRDYFDLREFEEAVDLPLRG,S15R,7.0,25.0
28,1NWW,A16K,A,MTSKIEQPRWASKDSAAGAASTPDEKIVLEFMDALTSNDAAKLIEYFAEDTMYQNMPLPPAYGRDAVEQTLAGLFTVMSIDAVETFHIGSSNGLVYTERVDVLRALPTGKSYNLSILGVFQLTEGKITGWRDYFDLREFEEAVDLPLRG,A16K,7.0,25.0
29,1NWW,A16P,A,MTSKIEQPRWASKDSAAGAASTPDEKIVLEFMDALTSNDAAKLIEYFAEDTMYQNMPLPPAYGRDAVEQTLAGLFTVMSIDAVETFHIGSSNGLVYTERVDVLRALPTGKSYNLSILGVFQLTEGKITGWRDYFDLREFEEAVDLPLRG,A16P,7.0,25.0
30,1NWW,A16R,A,MTSKIEQPRWASKDSAAGAASTPDEKIVLEFMDALTSNDAAKLIEYFAEDTMYQNMPLPPAYGRDAVEQTLAGLFTVMSIDAVETFHIGSSNGLVYTERVDVLRALPTGKSYNLSILGVFQLTEGKITGWRDYFDLREFEEAVDLPLRG,A16R,7.0,25.0
31,1NWW,G18A,A,MTSKIEQPRWASKDSAAGAASTPDEKIVLEFMDALTSNDAAKLIEYFAEDTMYQNMPLPPAYGRDAVEQTLAGLFTVMSIDAVETFHIGSSNGLVYTERVDVLRALPTGKSYNLSILGVFQLTEGKITGWRDYFDLREFEEAVDLPLRG,G18A,7.0,25.0
32,1NWW,G18D,A,MTSKIEQPRWASKDSAAGAASTPDEKIVLEFMDALTSNDAAKLIEYFAEDTMYQNMPLPPAYGRDAVEQTLAGLFTVMSIDAVETFHIGSSNGLVYTERVDVLRALPTGKSYNLSILGVFQLTEGKITGWRDYFDLREFEEAVDLPLRG,G18D,7.0,25.0
33,1NWW,G18F,A,MTSKIEQPRWASKDSAAGAASTPDEKIVLEFMDALTSNDAAKLIEYFAEDTMYQNMPLPPAYGRDAVEQTLAGLFTVMSIDAVETFHIGSSNGLVYTERVDVLRALPTGKSYNLSILGVFQLTEGKITGWRDYFDLREFEEAVDLPLRG,G18F,7.0,25.0
34,1NWW,G18H,A,MTSKIEQPRWASKDSAAGAASTPDEKIVLEFMDALTSNDAAKLIEYFAEDTMYQNMPLPPAYGRDAVEQTLAGLFTVMSIDAVETFHIGSSNGLVYTERVDVLRALPTGKSYNLSILGVFQLTEGKITGWRDYFDLREFEEAVDLPLRG,G18H,7.0,25.0
35,1NWW,G18K,A,MTSKIEQPRWASKDSAAGAASTPDEKIVLEFMDALTSNDAAKLIEYFAEDTMYQNMPLPPAYGRDAVEQTLAGLFTVMSIDAVETFHIGSSNGLVYTERVDVLRALPTGKSYNLSILGVFQLTEGKITGWRDYFDLREFEEAVDLPLRG,G18K,7.0,25.0
36,1NWW,G18M,A,MTSKIEQPRWASKDSAAGAASTPDEKIVLEFMDALTSNDAAKLIEYFAEDTMYQNMPLPPAYGRDAVEQTLAGLFTVMSIDAVETFHIGSSNGLVYTERVDVLRALPTGKSYNLSILGVFQLTEGKITGWRDYFDLREFEEAVDLPLRG,G18M,7.0,25.0
37,1NWW,G18N,A,MTSKIEQPRWASKDSAAGAASTPDEKIVLEFMDALTSNDAAKLIEYFAEDTMYQNMPLPPAYGRDAVEQTLAGLFTVMSIDAVETFHIGSSNGLVYTERVDVLRALPTGKSYNLSILGVFQLTEGKITGWRDYFDLREFEEAVDLPLRG,G18N,7.0,25.0
38,1NWW,G18Q,A,MTSKIEQPRWASKDSAAGAASTPDEKIVLEFMDALTSNDAAKLIEYFAEDTMYQNMPLPPAYGRDAVEQTLAGLFTVMSIDAVETFHIGSSNGLVYTERVDVLRALPTGKSYNLSILGVFQLTEGKITGWRDYFDLREFEEAVDLPLRG,G18Q,7.0,25.0
39,1NWW,G18R,A,MTSKIEQPRWASKDSAAGAASTPDEKIVLEFMDALTSNDAAKLIEYFAEDTMYQNMPLPPAYGRDAVEQTLAGLFTVMSIDAVETFHIGSSNGLVYTERVDVLRALPTGKSYNLSILGVFQLTEGKITGWRDYFDLREFEEAVDLPLRG,G18R,7.0,25.0
40,1NWW,G18S,A,MTSKIEQPRWASKDSAAGAASTPDEKIVLEFMDALTSNDAAKLIEYFAEDTMYQNMPLPPAYGRDAVEQTLAGLFTVMSIDAVETFHIGSSNGLVYTERVDVLRALPTGKSYNLSILGVFQLTEGKITGWRDYFDLREFEEAVDLPLRG,G18S,7.0,25.0
41,1NWW,G18W,A,MTSKIEQPRWASKDSAAGAASTPDEKIVLEFMDALTSNDAAKLIEYFAEDTMYQNMPLPPAYGRDAVEQTLAGLFTVMSIDAVETFHIGSSNGLVYTERVDVLRALPTGKSYNLSILGVFQLTEGKITGWRDYFDLREFEEAVDLPLRG,G18W,7.0,25.0
42,1NWW,G18Y,A,MTSKIEQPRWASKDSAAGAASTPDEKIVLEFMDALTSNDAAKLIEYFAEDTMYQNMPLPPAYGRDAVEQTLAGLFTVMSIDAVETFHIGSSNGLVYTERVDVLRALPTGKSYNLSILGVFQLTEGKITGWRDYFDLREFEEAVDLPLRG,G18Y,7.0,25.0
43,1NWW,A19K,A,MTSKIEQPRWASKDSAAGAASTPDEKIVLEFMDALTSNDAAKLIEYFAEDTMYQNMPLPPAYGRDAVEQTLAGLFTVMSIDAVETFHIGSSNGLVYTERVDVLRALPTGKSYNLSILGVFQLTEGKITGWRDYFDLREFEEAVDLPLRG,A19K,7.0,25.0
44,1NWW,A19L,A,MTSKIEQPRWASKDSAAGAASTPDEKIVLEFMDALTSNDAAKLIEYFAEDTMYQNMPLPPAYGRDAVEQTLAGLFTVMSIDAVETFHIGSSNGLVYTERVDVLRALPTGKSYNLSILGVFQLTEGKITGWRDYFDLREFEEAVDLPLRG,A19L,7.0,25.0
45,1NWW,A19Q,A,MTSKIEQPRWASKDSAAGAASTPDEKIVLEFMDALTSNDAAKLIEYFAEDTMYQNMPLPPAYGRDAVEQTLAGLFTVMSIDAVETFHIGSSNGLVYTERVDVLRALPTGKSYNLSILGVFQLTEGKITGWRDYFDLREFEEAVDLPLRG,A19Q,7.0,25.0
46,1NWW,A19R,A,MTSKIEQPRWASKDSAAGAASTPDEKIVLEFMDALTSNDAAKLIEYFAEDTMYQNMPLPPAYGRDAVEQTLAGLFTVMSIDAVETFHIGSSNGLVYTERVDVLRALPTGKSYNLSILGVFQLTEGKITGWRDYFDLREFEEAVDLPLRG,A19R,7.0,25.0
47,1NWW,A19W,A,MTSKIEQPRWASKDSAAGAASTPDEKIVLEFMDALTSNDAAKLIEYFAEDTMYQNMPLPPAYGRDAVEQTLAGLFTVMSIDAVETFHIGSSNGLVYTERVDVLRALPTGKSYNLSILGVFQLTEGKITGWRDYFDLREFEEAVDLPLRG,A19W,7.0,25.0
48,1NWW,A20P,A,MTSKIEQPRWASKDSAAGAASTPDEKIVLEFMDALTSNDAAKLIEYFAEDTMYQNMPLPPAYGRDAVEQTLAGLFTVMSIDAVETFHIGSSNGLVYTERVDVLRALPTGKSYNLSILGVFQLTEGKITGWRDYFDLREFEEAVDLPLRG,A20P,7.0,25.0
49,1NWW,S21R,A,MTSKIEQPRWASKDSAAGAASTPDEKIVLEFMDALTSNDAAKLIEYFAEDTMYQNMPLPPAYGRDAVEQTLAGLFTVMSIDAVETFHIGSSNGLVYTERVDVLRALPTGKSYNLSILGVFQLTEGKITGWRDYFDLREFEEAVDLPLRG,S21R,7.0,25.0
50,1NWW,S21T,A,MTSKIEQPRWASKDSAAGAASTPDEKIVLEFMDALTSNDAAKLIEYFAEDTMYQNMPLPPAYGRDAVEQTLAGLFTVMSIDAVETFHIGSSNGLVYTERVDVLRALPTGKSYNLSILGVFQLTEGKITGWRDYFDLREFEEAVDLPLRG,S21T,7.0,25.0
51,1NWW,T22D,A,MTSKIEQPRWASKDSAAGAASTPDEKIVLEFMDALTSNDAAKLIEYFAEDTMYQNMPLPPAYGRDAVEQTLAGLFTVMSIDAVETFHIGSSNGLVYTERVDVLRALPTGKSYNLSILGVFQLTEGKITGWRDYFDLREFEEAVDLPLRG,T22D,7.0,25.0
52,1NWW,T22R,A,MTSKIEQPRWASKDSAAGAASTPDEKIVLEFMDALTSNDAAKLIEYFAEDTMYQNMPLPPAYGRDAVEQTLAGLFTVMSIDAVETFHIGSSNGLVYTERVDVLRALPTGKSYNLSILGVFQLTEGKITGWRDYFDLREFEEAVDLPLRG,T22R,7.0,25.0
53,1NWW,P23A,A,MTSKIEQPRWASKDSAAGAASTPDEKIVLEFMDALTSNDAAKLIEYFAEDTMYQNMPLPPAYGRDAVEQTLAGLFTVMSIDAVETFHIGSSNGLVYTERVDVLRALPTGKSYNLSILGVFQLTEGKITGWRDYFDLREFEEAVDLPLRG,P23A,7.0,25.0
54,1NWW,P23D,A,MTSKIEQPRWASKDSAAGAASTPDEKIVLEFMDALTSNDAAKLIEYFAEDTMYQNMPLPPAYGRDAVEQTLAGLFTVMSIDAVETFHIGSSNGLVYTERVDVLRALPTGKSYNLSILGVFQLTEGKITGWRDYFDLREFEEAVDLPLRG,P23D,7.0,25.0
55,1NWW,P23E,A,MTSKIEQPRWASKDSAAGAASTPDEKIVLEFMDALTSNDAAKLIEYFAEDTMYQNMPLPPAYGRDAVEQTLAGLFTVMSIDAVETFHIGSSNGLVYTERVDVLRALPTGKSYNLSILGVFQLTEGKITGWRDYFDLREFEEAVDLPLRG,P23E,7.0,25.0
56,1NWW,P23F,A,MTSKIEQPRWASKDSAAGAASTPDEKIVLEFMDALTSNDAAKLIEYFAEDTMYQNMPLPPAYGRDAVEQTLAGLFTVMSIDAVETFHIGSSNGLVYTERVDVLRALPTGKSYNLSILGVFQLTEGKITGWRDYFDLREFEEAVDLPLRG,P23F,7.0,25.0
57,1NWW,P23H,A,MTSKIEQPRWASKDSAAGAASTPDEKIVLEFMDALTSNDAAKLIEYFAEDTMYQNMPLPPAYGRDAVEQTLAGLFTVMSIDAVETFHIGSSNGLVYTERVDVLRALPTGKSYNLSILGVFQLTEGKITGWRDYFDLREFEEAVDLPLRG,P23H,7.0,25.0
58,1NWW,P23I,A,MTSKIEQPRWASKDSAAGAASTPDEKIVLEFMDALTSNDAAKLIEYFAEDTMYQNMPLPPAYGRDAVEQTLAGLFTVMSIDAVETFHIGSSNGLVYTERVDVLRALPTGKSYNLSILGVFQLTEGKITGWRDYFDLREFEEAVDLPLRG,P23I,7.0,25.0
59,1NWW,P23K,A,MTSKIEQPRWASKDSAAGAASTPDEKIVLEFMDALTSNDAAKLIEYFAEDTMYQNMPLPPAYGRDAVEQTLAGLFTVMSIDAVETFHIGSSNGLVYTERVDVLRALPTGKSYNLSILGVFQLTEGKITGWRDYFDLREFEEAVDLPLRG,P23K,7.0,25.0
60,1NWW,P23L,A,MTSKIEQPRWASKDSAAGAASTPDEKIVLEFMDALTSNDAAKLIEYFAEDTMYQNMPLPPAYGRDAVEQTLAGLFTVMSIDAVETFHIGSSNGLVYTERVDVLRALPTGKSYNLSILGVFQLTEGKITGWRDYFDLREFEEAVDLPLRG,P23L,7.0,25.0
61,1NWW,P23M,A,MTSKIEQPRWASKDSAAGAASTPDEKIVLEFMDALTSNDAAKLIEYFAEDTMYQNMPLPPAYGRDAVEQTLAGLFTVMSIDAVETFHIGSSNGLVYTERVDVLRALPTGKSYNLSILGVFQLTEGKITGWRDYFDLREFEEAVDLPLRG,P23M,7.0,25.0
62,1NWW,P23N,A,MTSKIEQPRWASKDSAAGAASTPDEKIVLEFMDALTSNDAAKLIEYFAEDTMYQNMPLPPAYGRDAVEQTLAGLFTVMSIDAVETFHIGSSNGLVYTERVDVLRALPTGKSYNLSILGVFQLTEGKITGWRDYFDLREFEEAVDLPLRG,P23N,7.0,25.0
63,1NWW,P23Q,A,MTSKIEQPRWASKDSAAGAASTPDEKIVLEFMDALTSNDAAKLIEYFAEDTMYQNMPLPPAYGRDAVEQTLAGLFTVMSIDAVETFHIGSSNGLVYTERVDVLRALPTGKSYNLSILGVFQLTEGKITGWRDYFDLREFEEAVDLPLRG,P23Q,7.0,25.0
64,1NWW,P23R,A,MTSKIEQPRWASKDSAAGAASTPDEKIVLEFMDALTSNDAAKLIEYFAEDTMYQNMPLPPAYGRDAVEQTLAGLFTVMSIDAVETFHIGSSNGLVYTERVDVLRALPTGKSYNLSILGVFQLTEGKITGWRDYFDLREFEEAVDLPLRG,P23R,7.0,25.0
65,1NWW,P23T,A,MTSKIEQPRWASKDSAAGAASTPDEKIVLEFMDALTSNDAAKLIEYFAEDTMYQNMPLPPAYGRDAVEQTLAGLFTVMSIDAVETFHIGSSNGLVYTERVDVLRALPTGKSYNLSILGVFQLTEGKITGWRDYFDLREFEEAVDLPLRG,P23T,7.0,25.0
66,1NWW,P23V,A,MTSKIEQPRWASKDSAAGAASTPDEKIVLEFMDALTSNDAAKLIEYFAEDTMYQNMPLPPAYGRDAVEQTLAGLFTVMSIDAVETFHIGSSNGLVYTERVDVLRALPTGKSYNLSILGVFQLTEGKITGWRDYFDLREFEEAVDLPLRG,P23V,7.0,25.0
67,1NWW,P23W,A,MTSKIEQPRWASKDSAAGAASTPDEKIVLEFMDALTSNDAAKLIEYFAEDTMYQNMPLPPAYGRDAVEQTLAGLFTVMSIDAVETFHIGSSNGLVYTERVDVLRALPTGKSYNLSILGVFQLTEGKITGWRDYFDLREFEEAVDLPLRG,P23W,7.0,25.0
68,1NWW,P23Y,A,MTSKIEQPRWASKDSAAGAASTPDEKIVLEFMDALTSNDAAKLIEYFAEDTMYQNMPLPPAYGRDAVEQTLAGLFTVMSIDAVETFHIGSSNGLVYTERVDVLRALPTGKSYNLSILGVFQLTEGKITGWRDYFDLREFEEAVDLPLRG,P23Y,7.0,25.0
69,1NWW,D24A,A,MTSKIEQPRWASKDSAAGAASTPDEKIVLEFMDALTSNDAAKLIEYFAEDTMYQNMPLPPAYGRDAVEQTLAGLFTVMSIDAVETFHIGSSNGLVYTERVDVLRALPTGKSYNLSILGVFQLTEGKITGWRDYFDLREFEEAVDLPLRG,D24A,7.0,25.0
70,1NWW,D24E,A,MTSKIEQPRWASKDSAAGAASTPDEKIVLEFMDALTSNDAAKLIEYFAEDTMYQNMPLPPAYGRDAVEQTLAGLFTVMSIDAVETFHIGSSNGLVYTERVDVLRALPTGKSYNLSILGVFQLTEGKITGWRDYFDLREFEEAVDLPLRG,D24E,7.0,25.0
71,1NWW,D24F,A,MTSKIEQPRWASKDSAAGAASTPDEKIVLEFMDALTSNDAAKLIEYFAEDTMYQNMPLPPAYGRDAVEQTLAGLFTVMSIDAVETFHIGSSNGLVYTERVDVLRALPTGKSYNLSILGVFQLTEGKITGWRDYFDLREFEEAVDLPLRG,D24F,7.0,25.0
72,1NWW,D24H,A,MTSKIEQPRWASKDSAAGAASTPDEKIVLEFMDALTSNDAAKLIEYFAEDTMYQNMPLPPAYGRDAVEQTLAGLFTVMSIDAVETFHIGSSNGLVYTERVDVLRALPTGKSYNLSILGVFQLTEGKITGWRDYFDLREFEEAVDLPLRG,D24H,7.0,25.0
73,1NWW,D24I,A,MTSKIEQPRWASKDSAAGAASTPDEKIVLEFMDALTSNDAAKLIEYFAEDTMYQNMPLPPAYGRDAVEQTLAGLFTVMSIDAVETFHIGSSNGLVYTERVDVLRALPTGKSYNLSILGVFQLTEGKITGWRDYFDLREFEEAVDLPLRG,D24I,7.0,25.0
74,1NWW,D24K,A,MTSKIEQPRWASKDSAAGAASTPDEKIVLEFMDALTSNDAAKLIEYFAEDTMYQNMPLPPAYGRDAVEQTLAGLFTVMSIDAVETFHIGSSNGLVYTERVDVLRALPTGKSYNLSILGVFQLTEGKITGWRDYFDLREFEEAVDLPLRG,D24K,7.0,25.0
75,1NWW,D24L,A,MTSKIEQPRWASKDSAAGAASTPDEKIVLEFMDALTSNDAAKLIEYFAEDTMYQNMPLPPAYGRDAVEQTLAGLFTVMSIDAVETFHIGSSNGLVYTERVDVLRALPTGKSYNLSILGVFQLTEGKITGWRDYFDLREFEEAVDLPLRG,D24L,7.0,25.0
76,1NWW,D24M,A,MTSKIEQPRWASKDSAAGAASTPDEKIVLEFMDALTSNDAAKLIEYFAEDTMYQNMPLPPAYGRDAVEQTLAGLFTVMSIDAVETFHIGSSNGLVYTERVDVLRALPTGKSYNLSILGVFQLTEGKITGWRDYFDLREFEEAVDLPLRG,D24M,7.0,25.0
77,1NWW,D24N,A,MTSKIEQPRWASKDSAAGAASTPDEKIVLEFMDALTSNDAAKLIEYFAEDTMYQNMPLPPAYGRDAVEQTLAGLFTVMSIDAVETFHIGSSNGLVYTERVDVLRALPTGKSYNLSILGVFQLTEGKITGWRDYFDLREFEEAVDLPLRG,D24N,7.0,25.0
78,1NWW,D24P,A,MTSKIEQPRWASKDSAAGAASTPDEKIVLEFMDALTSNDAAKLIEYFAEDTMYQNMPLPPAYGRDAVEQTLAGLFTVMSIDAVETFHIGSSNGLVYTERVDVLRALPTGKSYNLSILGVFQLTEGKITGWRDYFDLREFEEAVDLPLRG,D24P,7.0,25.0
79,1NWW,D24Q,A,MTSKIEQPRWASKDSAAGAASTPDEKIVLEFMDALTSNDAAKLIEYFAEDTMYQNMPLPPAYGRDAVEQTLAGLFTVMSIDAVETFHIGSSNGLVYTERVDVLRALPTGKSYNLSILGVFQLTEGKITGWRDYFDLREFEEAVDLPLRG,D24Q,7.0,25.0
80,1NWW,D24R,A,MTSKIEQPRWASKDSAAGAASTPDEKIVLEFMDALTSNDAAKLIEYFAEDTMYQNMPLPPAYGRDAVEQTLAGLFTVMSIDAVETFHIGSSNGLVYTERVDVLRALPTGKSYNLSILGVFQLTEGKITGWRDYFDLREFEEAVDLPLRG,D24R,7.0,25.0
81,1NWW,D24T,A,MTSKIEQPRWASKDSAAGAASTPDEKIVLEFMDALTSNDAAKLIEYFAEDTMYQNMPLPPAYGRDAVEQTLAGLFTVMSIDAVETFHIGSSNGLVYTERVDVLRALPTGKSYNLSILGVFQLTEGKITGWRDYFDLREFEEAVDLPLRG,D24T,7.0,25.0
82,1NWW,D24W,A,MTSKIEQPRWASKDSAAGAASTPDEKIVLEFMDALTSNDAAKLIEYFAEDTMYQNMPLPPAYGRDAVEQTLAGLFTVMSIDAVETFHIGSSNGLVYTERVDVLRALPTGKSYNLSILGVFQLTEGKITGWRDYFDLREFEEAVDLPLRG,D24W,7.0,25.0
83,1NWW,D24Y,A,MTSKIEQPRWASKDSAAGAASTPDEKIVLEFMDALTSNDAAKLIEYFAEDTMYQNMPLPPAYGRDAVEQTLAGLFTVMSIDAVETFHIGSSNGLVYTERVDVLRALPTGKSYNLSILGVFQLTEGKITGWRDYFDLREFEEAVDLPLRG,D24Y,7.0,25.0
84,1NWW,E25P,A,MTSKIEQPRWASKDSAAGAASTPDEKIVLEFMDALTSNDAAKLIEYFAEDTMYQNMPLPPAYGRDAVEQTLAGLFTVMSIDAVETFHIGSSNGLVYTERVDVLRALPTGKSYNLSILGVFQLTEGKITGWRDYFDLREFEEAVDLPLRG,E25P,7.0,25.0
85,1NWW,K26R,A,MTSKIEQPRWASKDSAAGAASTPDEKIVLEFMDALTSNDAAKLIEYFAEDTMYQNMPLPPAYGRDAVEQTLAGLFTVMSIDAVETFHIGSSNGLVYTERVDVLRALPTGKSYNLSILGVFQLTEGKITGWRDYFDLREFEEAVDLPLRG,K26R,7.0,25.0
86,1NWW,I27M,A,MTSKIEQPRWASKDSAAGAASTPDEKIVLEFMDALTSNDAAKLIEYFAEDTMYQNMPLPPAYGRDAVEQTLAGLFTVMSIDAVETFHIGSSNGLVYTERVDVLRALPTGKSYNLSILGVFQLTEGKITGWRDYFDLREFEEAVDLPLRG,I27M,7.0,25.0
87,1NWW,I27R,A,MTSKIEQPRWASKDSAAGAASTPDEKIVLEFMDALTSNDAAKLIEYFAEDTMYQNMPLPPAYGRDAVEQTLAGLFTVMSIDAVETFHIGSSNGLVYTERVDVLRALPTGKSYNLSILGVFQLTEGKITGWRDYFDLREFEEAVDLPLRG,I27R,7.0,25.0
88,1NWW,I27W,A,MTSKIEQPRWASKDSAAGAASTPDEKIVLEFMDALTSNDAAKLIEYFAEDTMYQNMPLPPAYGRDAVEQTLAGLFTVMSIDAVETFHIGSSNGLVYTERVDVLRALPTGKSYNLSILGVFQLTEGKITGWRDYFDLREFEEAVDLPLRG,I27W,7.0,25.0
89,1NWW,L29I,A,MTSKIEQPRWASKDSAAGAASTPDEKIVLEFMDALTSNDAAKLIEYFAEDTMYQNMPLPPAYGRDAVEQTLAGLFTVMSIDAVETFHIGSSNGLVYTERVDVLRALPTGKSYNLSILGVFQLTEGKITGWRDYFDLREFEEAVDLPLRG,L29I,7.0,25.0
90,1NWW,E30F,A,MTSKIEQPRWASKDSAAGAASTPDEKIVLEFMDALTSNDAAKLIEYFAEDTMYQNMPLPPAYGRDAVEQTLAGLFTVMSIDAVETFHIGSSNGLVYTERVDVLRALPTGKSYNLSILGVFQLTEGKITGWRDYFDLREFEEAVDLPLRG,E30F,7.0,25.0
91,1NWW,E30I,A,MTSKIEQPRWASKDSAAGAASTPDEKIVLEFMDALTSNDAAKLIEYFAEDTMYQNMPLPPAYGRDAVEQTLAGLFTVMSIDAVETFHIGSSNGLVYTERVDVLRALPTGKSYNLSILGVFQLTEGKITGWRDYFDLREFEEAVDLPLRG,E30I,7.0,25.0
92,1NWW,E30K,A,MTSKIEQPRWASKDSAAGAASTPDEKIVLEFMDALTSNDAAKLIEYFAEDTMYQNMPLPPAYGRDAVEQTLAGLFTVMSIDAVETFHIGSSNGLVYTERVDVLRALPTGKSYNLSILGVFQLTEGKITGWRDYFDLREFEEAVDLPLRG,E30K,7.0,25.0
93,1NWW,E30L,A,MTSKIEQPRWASKDSAAGAASTPDEKIVLEFMDALTSNDAAKLIEYFAEDTMYQNMPLPPAYGRDAVEQTLAGLFTVMSIDAVETFHIGSSNGLVYTERVDVLRALPTGKSYNLSILGVFQLTEGKITGWRDYFDLREFEEAVDLPLRG,E30L,7.0,25.0
94,1NWW,E30Q,A,MTSKIEQPRWASKDSAAGAASTPDEKIVLEFMDALTSNDAAKLIEYFAEDTMYQNMPLPPAYGRDAVEQTLAGLFTVMSIDAVETFHIGSSNGLVYTERVDVLRALPTGKSYNLSILGVFQLTEGKITGWRDYFDLREFEEAVDLPLRG,E30Q,7.0,25.0
95,1NWW,E30R,A,MTSKIEQPRWASKDSAAGAASTPDEKIVLEFMDALTSNDAAKLIEYFAEDTMYQNMPLPPAYGRDAVEQTLAGLFTVMSIDAVETFHIGSSNGLVYTERVDVLRALPTGKSYNLSILGVFQLTEGKITGWRDYFDLREFEEAVDLPLRG,E30R,7.0,25.0
96,1NWW,E30W,A,MTSKIEQPRWASKDSAAGAASTPDEKIVLEFMDALTSNDAAKLIEYFAEDTMYQNMPLPPAYGRDAVEQTLAGLFTVMSIDAVETFHIGSSNGLVYTERVDVLRALPTGKSYNLSILGVFQLTEGKITGWRDYFDLREFEEAVDLPLRG,E30W,7.0,25.0
97,1NWW,E30Y,A,MTSKIEQPRWASKDSAAGAASTPDEKIVLEFMDALTSNDAAKLIEYFAEDTMYQNMPLPPAYGRDAVEQTLAGLFTVMSIDAVETFHIGSSNGLVYTERVDVLRALPTGKSYNLSILGVFQLTEGKITGWRDYFDLREFEEAVDLPLRG,E30Y,7.0,25.0
98,1NWW,D33A,A,MTSKIEQPRWASKDSAAGAASTPDEKIVLEFMDALTSNDAAKLIEYFAEDTMYQNMPLPPAYGRDAVEQTLAGLFTVMSIDAVETFHIGSSNGLVYTERVDVLRALPTGKSYNLSILGVFQLTEGKITGWRDYFDLREFEEAVDLPLRG,D33A,7.0,25.0
99,1NWW,D33F,A,MTSKIEQPRWASKDSAAGAASTPDEKIVLEFMDALTSNDAAKLIEYFAEDTMYQNMPLPPAYGRDAVEQTLAGLFTVMSIDAVETFHIGSSNGLVYTERVDVLRALPTGKSYNLSILGVFQLTEGKITGWRDYFDLREFEEAVDLPLRG,D33F,7.0,25.0
100,1NWW,D33H,A,MTSKIEQPRWASKDSAAGAASTPDEKIVLEFMDALTSNDAAKLIEYFAEDTMYQNMPLPPAYGRDAVEQTLAGLFTVMSIDAVETFHIGSSNGLVYTERVDVLRALPTGKSYNLSILGVFQLTEGKITGWRDYFDLREFEEAVDLPLRG,D33H,7.0,25.0
101,1NWW,D33I,A,MTSKIEQPRWASKDSAAGAASTPDEKIVLEFMDALTSNDAAKLIEYFAEDTMYQNMPLPPAYGRDAVEQTLAGLFTVMSIDAVETFHIGSSNGLVYTERVDVLRALPTGKSYNLSILGVFQLTEGKITGWRDYFDLREFEEAVDLPLRG,D33I,7.0,25.0
102,1NWW,D33K,A,MTSKIEQPRWASKDSAAGAASTPDEKIVLEFMDALTSNDAAKLIEYFAEDTMYQNMPLPPAYGRDAVEQTLAGLFTVMSIDAVETFHIGSSNGLVYTERVDVLRALPTGKSYNLSILGVFQLTEGKITGWRDYFDLREFEEAVDLPLRG,D33K,7.0,25.0
103,1NWW,D33L,A,MTSKIEQPRWASKDSAAGAASTPDEKIVLEFMDALTSNDAAKLIEYFAEDTMYQNMPLPPAYGRDAVEQTLAGLFTVMSIDAVETFHIGSSNGLVYTERVDVLRALPTGKSYNLSILGVFQLTEGKITGWRDYFDLREFEEAVDLPLRG,D33L,7.0,25.0
104,1NWW,D33M,A,MTSKIEQPRWASKDSAAGAASTPDEKIVLEFMDALTSNDAAKLIEYFAEDTMYQNMPLPPAYGRDAVEQTLAGLFTVMSIDAVETFHIGSSNGLVYTERVDVLRALPTGKSYNLSILGVFQLTEGKITGWRDYFDLREFEEAVDLPLRG,D33M,7.0,25.0
105,1NWW,D33N,A,MTSKIEQPRWASKDSAAGAASTPDEKIVLEFMDALTSNDAAKLIEYFAEDTMYQNMPLPPAYGRDAVEQTLAGLFTVMSIDAVETFHIGSSNGLVYTERVDVLRALPTGKSYNLSILGVFQLTEGKITGWRDYFDLREFEEAVDLPLRG,D33N,7.0,25.0
106,1NWW,D33Q,A,MTSKIEQPRWASKDSAAGAASTPDEKIVLEFMDALTSNDAAKLIEYFAEDTMYQNMPLPPAYGRDAVEQTLAGLFTVMSIDAVETFHIGSSNGLVYTERVDVLRALPTGKSYNLSILGVFQLTEGKITGWRDYFDLREFEEAVDLPLRG,D33Q,7.0,25.0
107,1NWW,D33R,A,MTSKIEQPRWASKDSAAGAASTPDEKIVLEFMDALTSNDAAKLIEYFAEDTMYQNMPLPPAYGRDAVEQTLAGLFTVMSIDAVETFHIGSSNGLVYTERVDVLRALPTGKSYNLSILGVFQLTEGKITGWRDYFDLREFEEAVDLPLRG,D33R,7.0,25.0
108,1NWW,D33S,A,MTSKIEQPRWASKDSAAGAASTPDEKIVLEFMDALTSNDAAKLIEYFAEDTMYQNMPLPPAYGRDAVEQTLAGLFTVMSIDAVETFHIGSSNGLVYTERVDVLRALPTGKSYNLSILGVFQLTEGKITGWRDYFDLREFEEAVDLPLRG,D33S,7.0,25.0
109,1NWW,D33W,A,MTSKIEQPRWASKDSAAGAASTPDEKIVLEFMDALTSNDAAKLIEYFAEDTMYQNMPLPPAYGRDAVEQTLAGLFTVMSIDAVETFHIGSSNGLVYTERVDVLRALPTGKSYNLSILGVFQLTEGKITGWRDYFDLREFEEAVDLPLRG,D33W,7.0,25.0
110,1NWW,D33Y,A,MTSKIEQPRWASKDSAAGAASTPDEKIVLEFMDALTSNDAAKLIEYFAEDTMYQNMPLPPAYGRDAVEQTLAGLFTVMSIDAVETFHIGSSNGLVYTERVDVLRALPTGKSYNLSILGVFQLTEGKITGWRDYFDLREFEEAVDLPLRG,D33Y,7.0,25.0
111,1NWW,S37W,A,MTSKIEQPRWASKDSAAGAASTPDEKIVLEFMDALTSNDAAKLIEYFAEDTMYQNMPLPPAYGRDAVEQTLAGLFTVMSIDAVETFHIGSSNGLVYTERVDVLRALPTGKSYNLSILGVFQLTEGKITGWRDYFDLREFEEAVDLPLRG,S37W,7.0,25.0
112,1NWW,A40F,A,MTSKIEQPRWASKDSAAGAASTPDEKIVLEFMDALTSNDAAKLIEYFAEDTMYQNMPLPPAYGRDAVEQTLAGLFTVMSIDAVETFHIGSSNGLVYTERVDVLRALPTGKSYNLSILGVFQLTEGKITGWRDYFDLREFEEAVDLPLRG,A40F,7.0,25.0
113,1NWW,A40P,A,MTSKIEQPRWASKDSAAGAASTPDEKIVLEFMDALTSNDAAKLIEYFAEDTMYQNMPLPPAYGRDAVEQTLAGLFTVMSIDAVETFHIGSSNGLVYTERVDVLRALPTGKSYNLSILGVFQLTEGKITGWRDYFDLREFEEAVDLPLRG,A40P,7.0,25.0
114,1NWW,A41P,A,MTSKIEQPRWASKDSAAGAASTPDEKIVLEFMDALTSNDAAKLIEYFAEDTMYQNMPLPPAYGRDAVEQTLAGLFTVMSIDAVETFHIGSSNGLVYTERVDVLRALPTGKSYNLSILGVFQLTEGKITGWRDYFDLREFEEAVDLPLRG,A41P,7.0,25.0
115,1NWW,A41R,A,MTSKIEQPRWASKDSAAGAASTPDEKIVLEFMDALTSNDAAKLIEYFAEDTMYQNMPLPPAYGRDAVEQTLAGLFTVMSIDAVETFHIGSSNGLVYTERVDVLRALPTGKSYNLSILGVFQLTEGKITGWRDYFDLREFEEAVDLPLRG,A41R,7.0,25.0
116,1NWW,A41S,A,MTSKIEQPRWASKDSAAGAASTPDEKIVLEFMDALTSNDAAKLIEYFAEDTMYQNMPLPPAYGRDAVEQTLAGLFTVMSIDAVETFHIGSSNGLVYTERVDVLRALPTGKSYNLSILGVFQLTEGKITGWRDYFDLREFEEAVDLPLRG,A41S,7.0,25.0
117,1NWW,K42R,A,MTSKIEQPRWASKDSAAGAASTPDEKIVLEFMDALTSNDAAKLIEYFAEDTMYQNMPLPPAYGRDAVEQTLAGLFTVMSIDAVETFHIGSSNGLVYTERVDVLRALPTGKSYNLSILGVFQLTEGKITGWRDYFDLREFEEAVDLPLRG,K42R,7.0,25.0
118,1NWW,K42W,A,MTSKIEQPRWASKDSAAGAASTPDEKIVLEFMDALTSNDAAKLIEYFAEDTMYQNMPLPPAYGRDAVEQTLAGLFTVMSIDAVETFHIGSSNGLVYTERVDVLRALPTGKSYNLSILGVFQLTEGKITGWRDYFDLREFEEAVDLPLRG,K42W,7.0,25.0
119,1NWW,K42Y,A,MTSKIEQPRWASKDSAAGAASTPDEKIVLEFMDALTSNDAAKLIEYFAEDTMYQNMPLPPAYGRDAVEQTLAGLFTVMSIDAVETFHIGSSNGLVYTERVDVLRALPTGKSYNLSILGVFQLTEGKITGWRDYFDLREFEEAVDLPLRG,K42Y,7.0,25.0
120,1NWW,E45K,A,MTSKIEQPRWASKDSAAGAASTPDEKIVLEFMDALTSNDAAKLIEYFAEDTMYQNMPLPPAYGRDAVEQTLAGLFTVMSIDAVETFHIGSSNGLVYTERVDVLRALPTGKSYNLSILGVFQLTEGKITGWRDYFDLREFEEAVDLPLRG,E45K,7.0,25.0
121,1NWW,E45L,A,MTSKIEQPRWASKDSAAGAASTPDEKIVLEFMDALTSNDAAKLIEYFAEDTMYQNMPLPPAYGRDAVEQTLAGLFTVMSIDAVETFHIGSSNGLVYTERVDVLRALPTGKSYNLSILGVFQLTEGKITGWRDYFDLREFEEAVDLPLRG,E45L,7.0,25.0
122,1NWW,E45P,A,MTSKIEQPRWASKDSAAGAASTPDEKIVLEFMDALTSNDAAKLIEYFAEDTMYQNMPLPPAYGRDAVEQTLAGLFTVMSIDAVETFHIGSSNGLVYTERVDVLRALPTGKSYNLSILGVFQLTEGKITGWRDYFDLREFEEAVDLPLRG,E45P,7.0,25.0
123,1NWW,E45R,A,MTSKIEQPRWASKDSAAGAASTPDEKIVLEFMDALTSNDAAKLIEYFAEDTMYQNMPLPPAYGRDAVEQTLAGLFTVMSIDAVETFHIGSSNGLVYTERVDVLRALPTGKSYNLSILGVFQLTEGKITGWRDYFDLREFEEAVDLPLRG,E45R,7.0,25.0
124,1NWW,E45W,A,MTSKIEQPRWASKDSAAGAASTPDEKIVLEFMDALTSNDAAKLIEYFAEDTMYQNMPLPPAYGRDAVEQTLAGLFTVMSIDAVETFHIGSSNGLVYTERVDVLRALPTGKSYNLSILGVFQLTEGKITGWRDYFDLREFEEAVDLPLRG,E45W,7.0,25.0
125,1NWW,A48F,A,MTSKIEQPRWASKDSAAGAASTPDEKIVLEFMDALTSNDAAKLIEYFAEDTMYQNMPLPPAYGRDAVEQTLAGLFTVMSIDAVETFHIGSSNGLVYTERVDVLRALPTGKSYNLSILGVFQLTEGKITGWRDYFDLREFEEAVDLPLRG,A48F,7.0,25.0
126,1NWW,A48H,A,MTSKIEQPRWASKDSAAGAASTPDEKIVLEFMDALTSNDAAKLIEYFAEDTMYQNMPLPPAYGRDAVEQTLAGLFTVMSIDAVETFHIGSSNGLVYTERVDVLRALPTGKSYNLSILGVFQLTEGKITGWRDYFDLREFEEAVDLPLRG,A48H,7.0,25.0
127,1NWW,A48L,A,MTSKIEQPRWASKDSAAGAASTPDEKIVLEFMDALTSNDAAKLIEYFAEDTMYQNMPLPPAYGRDAVEQTLAGLFTVMSIDAVETFHIGSSNGLVYTERVDVLRALPTGKSYNLSILGVFQLTEGKITGWRDYFDLREFEEAVDLPLRG,A48L,7.0,25.0
128,1NWW,A48M,A,MTSKIEQPRWASKDSAAGAASTPDEKIVLEFMDALTSNDAAKLIEYFAEDTMYQNMPLPPAYGRDAVEQTLAGLFTVMSIDAVETFHIGSSNGLVYTERVDVLRALPTGKSYNLSILGVFQLTEGKITGWRDYFDLREFEEAVDLPLRG,A48M,7.0,25.0
129,1NWW,A48R,A,MTSKIEQPRWASKDSAAGAASTPDEKIVLEFMDALTSNDAAKLIEYFAEDTMYQNMPLPPAYGRDAVEQTLAGLFTVMSIDAVETFHIGSSNGLVYTERVDVLRALPTGKSYNLSILGVFQLTEGKITGWRDYFDLREFEEAVDLPLRG,A48R,7.0,25.0
130,1NWW,E49P,A,MTSKIEQPRWASKDSAAGAASTPDEKIVLEFMDALTSNDAAKLIEYFAEDTMYQNMPLPPAYGRDAVEQTLAGLFTVMSIDAVETFHIGSSNGLVYTERVDVLRALPTGKSYNLSILGVFQLTEGKITGWRDYFDLREFEEAVDLPLRG,E49P,7.0,25.0
131,1NWW,E49R,A,MTSKIEQPRWASKDSAAGAASTPDEKIVLEFMDALTSNDAAKLIEYFAEDTMYQNMPLPPAYGRDAVEQTLAGLFTVMSIDAVETFHIGSSNGLVYTERVDVLRALPTGKSYNLSILGVFQLTEGKITGWRDYFDLREFEEAVDLPLRG,E49R,7.0,25.0
132,1NWW,E49W,A,MTSKIEQPRWASKDSAAGAASTPDEKIVLEFMDALTSNDAAKLIEYFAEDTMYQNMPLPPAYGRDAVEQTLAGLFTVMSIDAVETFHIGSSNGLVYTERVDVLRALPTGKSYNLSILGVFQLTEGKITGWRDYFDLREFEEAVDLPLRG,E49W,7.0,25.0
133,1NWW,D50P,A,MTSKIEQPRWASKDSAAGAASTPDEKIVLEFMDALTSNDAAKLIEYFAEDTMYQNMPLPPAYGRDAVEQTLAGLFTVMSIDAVETFHIGSSNGLVYTERVDVLRALPTGKSYNLSILGVFQLTEGKITGWRDYFDLREFEEAVDLPLRG,D50P,7.0,25.0
134,1NWW,M52W,A,MTSKIEQPRWASKDSAAGAASTPDEKIVLEFMDALTSNDAAKLIEYFAEDTMYQNMPLPPAYGRDAVEQTLAGLFTVMSIDAVETFHIGSSNGLVYTERVDVLRALPTGKSYNLSILGVFQLTEGKITGWRDYFDLREFEEAVDLPLRG,M52W,7.0,25.0
135,1NWW,Y62W,A,MTSKIEQPRWASKDSAAGAASTPDEKIVLEFMDALTSNDAAKLIEYFAEDTMYQNMPLPPAYGRDAVEQTLAGLFTVMSIDAVETFHIGSSNGLVYTERVDVLRALPTGKSYNLSILGVFQLTEGKITGWRDYFDLREFEEAVDLPLRG,Y62W,7.0,25.0
136,1NWW,D65A,A,MTSKIEQPRWASKDSAAGAASTPDEKIVLEFMDALTSNDAAKLIEYFAEDTMYQNMPLPPAYGRDAVEQTLAGLFTVMSIDAVETFHIGSSNGLVYTERVDVLRALPTGKSYNLSILGVFQLTEGKITGWRDYFDLREFEEAVDLPLRG,D65A,7.0,25.0
137,1NWW,D65E,A,MTSKIEQPRWASKDSAAGAASTPDEKIVLEFMDALTSNDAAKLIEYFAEDTMYQNMPLPPAYGRDAVEQTLAGLFTVMSIDAVETFHIGSSNGLVYTERVDVLRALPTGKSYNLSILGVFQLTEGKITGWRDYFDLREFEEAVDLPLRG,D65E,7.0,25.0
138,1NWW,D65I,A,MTSKIEQPRWASKDSAAGAASTPDEKIVLEFMDALTSNDAAKLIEYFAEDTMYQNMPLPPAYGRDAVEQTLAGLFTVMSIDAVETFHIGSSNGLVYTERVDVLRALPTGKSYNLSILGVFQLTEGKITGWRDYFDLREFEEAVDLPLRG,D65I,7.0,25.0
139,1NWW,D65K,A,MTSKIEQPRWASKDSAAGAASTPDEKIVLEFMDALTSNDAAKLIEYFAEDTMYQNMPLPPAYGRDAVEQTLAGLFTVMSIDAVETFHIGSSNGLVYTERVDVLRALPTGKSYNLSILGVFQLTEGKITGWRDYFDLREFEEAVDLPLRG,D65K,7.0,25.0
140,1NWW,D65L,A,MTSKIEQPRWASKDSAAGAASTPDEKIVLEFMDALTSNDAAKLIEYFAEDTMYQNMPLPPAYGRDAVEQTLAGLFTVMSIDAVETFHIGSSNGLVYTERVDVLRALPTGKSYNLSILGVFQLTEGKITGWRDYFDLREFEEAVDLPLRG,D65L,7.0,25.0
141,1NWW,D65P,A,MTSKIEQPRWASKDSAAGAASTPDEKIVLEFMDALTSNDAAKLIEYFAEDTMYQNMPLPPAYGRDAVEQTLAGLFTVMSIDAVETFHIGSSNGLVYTERVDVLRALPTGKSYNLSILGVFQLTEGKITGWRDYFDLREFEEAVDLPLRG,D65P,7.0,25.0
142,1NWW,D65Q,A,MTSKIEQPRWASKDSAAGAASTPDEKIVLEFMDALTSNDAAKLIEYFAEDTMYQNMPLPPAYGRDAVEQTLAGLFTVMSIDAVETFHIGSSNGLVYTERVDVLRALPTGKSYNLSILGVFQLTEGKITGWRDYFDLREFEEAVDLPLRG,D65Q,7.0,25.0
143,1NWW,D65R,A,MTSKIEQPRWASKDSAAGAASTPDEKIVLEFMDALTSNDAAKLIEYFAEDTMYQNMPLPPAYGRDAVEQTLAGLFTVMSIDAVETFHIGSSNGLVYTERVDVLRALPTGKSYNLSILGVFQLTEGKITGWRDYFDLREFEEAVDLPLRG,D65R,7.0,25.0
144,1NWW,D65T,A,MTSKIEQPRWASKDSAAGAASTPDEKIVLEFMDALTSNDAAKLIEYFAEDTMYQNMPLPPAYGRDAVEQTLAGLFTVMSIDAVETFHIGSSNGLVYTERVDVLRALPTGKSYNLSILGVFQLTEGKITGWRDYFDLREFEEAVDLPLRG,D65T,7.0,25.0
145,1NWW,D65V,A,MTSKIEQPRWASKDSAAGAASTPDEKIVLEFMDALTSNDAAKLIEYFAEDTMYQNMPLPPAYGRDAVEQTLAGLFTVMSIDAVETFHIGSSNGLVYTERVDVLRALPTGKSYNLSILGVFQLTEGKITGWRDYFDLREFEEAVDLPLRG,D65V,7.0,25.0
146,1NWW,D65W,A,MTSKIEQPRWASKDSAAGAASTPDEKIVLEFMDALTSNDAAKLIEYFAEDTMYQNMPLPPAYGRDAVEQTLAGLFTVMSIDAVETFHIGSSNGLVYTERVDVLRALPTGKSYNLSILGVFQLTEGKITGWRDYFDLREFEEAVDLPLRG,D65W,7.0,25.0
147,1NWW,D65Y,A,MTSKIEQPRWASKDSAAGAASTPDEKIVLEFMDALTSNDAAKLIEYFAEDTMYQNMPLPPAYGRDAVEQTLAGLFTVMSIDAVETFHIGSSNGLVYTERVDVLRALPTGKSYNLSILGVFQLTEGKITGWRDYFDLREFEEAVDLPLRG,D65Y,7.0,25.0
148,1NWW,A66P,A,MTSKIEQPRWASKDSAAGAASTPDEKIVLEFMDALTSNDAAKLIEYFAEDTMYQNMPLPPAYGRDAVEQTLAGLFTVMSIDAVETFHIGSSNGLVYTERVDVLRALPTGKSYNLSILGVFQLTEGKITGWRDYFDLREFEEAVDLPLRG,A66P,7.0,25.0
149,1NWW,A66R,A,MTSKIEQPRWASKDSAAGAASTPDEKIVLEFMDALTSNDAAKLIEYFAEDTMYQNMPLPPAYGRDAVEQTLAGLFTVMSIDAVETFHIGSSNGLVYTERVDVLRALPTGKSYNLSILGVFQLTEGKITGWRDYFDLREFEEAVDLPLRG,A66R,7.0,25.0
150,1NWW,E68F,A,MTSKIEQPRWASKDSAAGAASTPDEKIVLEFMDALTSNDAAKLIEYFAEDTMYQNMPLPPAYGRDAVEQTLAGLFTVMSIDAVETFHIGSSNGLVYTERVDVLRALPTGKSYNLSILGVFQLTEGKITGWRDYFDLREFEEAVDLPLRG,E68F,7.0,25.0
151,1NWW,E68H,A,MTSKIEQPRWASKDSAAGAASTPDEKIVLEFMDALTSNDAAKLIEYFAEDTMYQNMPLPPAYGRDAVEQTLAGLFTVMSIDAVETFHIGSSNGLVYTERVDVLRALPTGKSYNLSILGVFQLTEGKITGWRDYFDLREFEEAVDLPLRG,E68H,7.0,25.0
152,1NWW,E68K,A,MTSKIEQPRWASKDSAAGAASTPDEKIVLEFMDALTSNDAAKLIEYFAEDTMYQNMPLPPAYGRDAVEQTLAGLFTVMSIDAVETFHIGSSNGLVYTERVDVLRALPTGKSYNLSILGVFQLTEGKITGWRDYFDLREFEEAVDLPLRG,E68K,7.0,25.0
153,1NWW,E68L,A,MTSKIEQPRWASKDSAAGAASTPDEKIVLEFMDALTSNDAAKLIEYFAEDTMYQNMPLPPAYGRDAVEQTLAGLFTVMSIDAVETFHIGSSNGLVYTERVDVLRALPTGKSYNLSILGVFQLTEGKITGWRDYFDLREFEEAVDLPLRG,E68L,7.0,25.0
154,1NWW,E68M,A,MTSKIEQPRWASKDSAAGAASTPDEKIVLEFMDALTSNDAAKLIEYFAEDTMYQNMPLPPAYGRDAVEQTLAGLFTVMSIDAVETFHIGSSNGLVYTERVDVLRALPTGKSYNLSILGVFQLTEGKITGWRDYFDLREFEEAVDLPLRG,E68M,7.0,25.0
155,1NWW,E68Q,A,MTSKIEQPRWASKDSAAGAASTPDEKIVLEFMDALTSNDAAKLIEYFAEDTMYQNMPLPPAYGRDAVEQTLAGLFTVMSIDAVETFHIGSSNGLVYTERVDVLRALPTGKSYNLSILGVFQLTEGKITGWRDYFDLREFEEAVDLPLRG,E68Q,7.0,25.0
156,1NWW,E68R,A,MTSKIEQPRWASKDSAAGAASTPDEKIVLEFMDALTSNDAAKLIEYFAEDTMYQNMPLPPAYGRDAVEQTLAGLFTVMSIDAVETFHIGSSNGLVYTERVDVLRALPTGKSYNLSILGVFQLTEGKITGWRDYFDLREFEEAVDLPLRG,E68R,7.0,25.0
157,1NWW,E68W,A,MTSKIEQPRWASKDSAAGAASTPDEKIVLEFMDALTSNDAAKLIEYFAEDTMYQNMPLPPAYGRDAVEQTLAGLFTVMSIDAVETFHIGSSNGLVYTERVDVLRALPTGKSYNLSILGVFQLTEGKITGWRDYFDLREFEEAVDLPLRG,E68W,7.0,25.0
158,1NWW,E68Y,A,MTSKIEQPRWASKDSAAGAASTPDEKIVLEFMDALTSNDAAKLIEYFAEDTMYQNMPLPPAYGRDAVEQTLAGLFTVMSIDAVETFHIGSSNGLVYTERVDVLRALPTGKSYNLSILGVFQLTEGKITGWRDYFDLREFEEAVDLPLRG,E68Y,7.0,25.0
159,1NWW,Q69R,A,MTSKIEQPRWASKDSAAGAASTPDEKIVLEFMDALTSNDAAKLIEYFAEDTMYQNMPLPPAYGRDAVEQTLAGLFTVMSIDAVETFHIGSSNGLVYTERVDVLRALPTGKSYNLSILGVFQLTEGKITGWRDYFDLREFEEAVDLPLRG,Q69R,7.0,25.0
160,1NWW,A72F,A,MTSKIEQPRWASKDSAAGAASTPDEKIVLEFMDALTSNDAAKLIEYFAEDTMYQNMPLPPAYGRDAVEQTLAGLFTVMSIDAVETFHIGSSNGLVYTERVDVLRALPTGKSYNLSILGVFQLTEGKITGWRDYFDLREFEEAVDLPLRG,A72F,7.0,25.0
161,1NWW,A72R,A,MTSKIEQPRWASKDSAAGAASTPDEKIVLEFMDALTSNDAAKLIEYFAEDTMYQNMPLPPAYGRDAVEQTLAGLFTVMSIDAVETFHIGSSNGLVYTERVDVLRALPTGKSYNLSILGVFQLTEGKITGWRDYFDLREFEEAVDLPLRG,A72R,7.0,25.0
162,1NWW,A72W,A,MTSKIEQPRWASKDSAAGAASTPDEKIVLEFMDALTSNDAAKLIEYFAEDTMYQNMPLPPAYGRDAVEQTLAGLFTVMSIDAVETFHIGSSNGLVYTERVDVLRALPTGKSYNLSILGVFQLTEGKITGWRDYFDLREFEEAVDLPLRG,A72W,7.0,25.0
163,1NWW,T76A,A,MTSKIEQPRWASKDSAAGAASTPDEKIVLEFMDALTSNDAAKLIEYFAEDTMYQNMPLPPAYGRDAVEQTLAGLFTVMSIDAVETFHIGSSNGLVYTERVDVLRALPTGKSYNLSILGVFQLTEGKITGWRDYFDLREFEEAVDLPLRG,T76A,7.0,25.0
164,1NWW,T76K,A,MTSKIEQPRWASKDSAAGAASTPDEKIVLEFMDALTSNDAAKLIEYFAEDTMYQNMPLPPAYGRDAVEQTLAGLFTVMSIDAVETFHIGSSNGLVYTERVDVLRALPTGKSYNLSILGVFQLTEGKITGWRDYFDLREFEEAVDLPLRG,T76K,7.0,25.0
165,1NWW,T76L,A,MTSKIEQPRWASKDSAAGAASTPDEKIVLEFMDALTSNDAAKLIEYFAEDTMYQNMPLPPAYGRDAVEQTLAGLFTVMSIDAVETFHIGSSNGLVYTERVDVLRALPTGKSYNLSILGVFQLTEGKITGWRDYFDLREFEEAVDLPLRG,T76L,7.0,25.0
166,1NWW,T76Q,A,MTSKIEQPRWASKDSAAGAASTPDEKIVLEFMDALTSNDAAKLIEYFAEDTMYQNMPLPPAYGRDAVEQTLAGLFTVMSIDAVETFHIGSSNGLVYTERVDVLRALPTGKSYNLSILGVFQLTEGKITGWRDYFDLREFEEAVDLPLRG,T76Q,7.0,25.0
167,1NWW,T76R,A,MTSKIEQPRWASKDSAAGAASTPDEKIVLEFMDALTSNDAAKLIEYFAEDTMYQNMPLPPAYGRDAVEQTLAGLFTVMSIDAVETFHIGSSNGLVYTERVDVLRALPTGKSYNLSILGVFQLTEGKITGWRDYFDLREFEEAVDLPLRG,T76R,7.0,25.0
168,1NWW,T76W,A,MTSKIEQPRWASKDSAAGAASTPDEKIVLEFMDALTSNDAAKLIEYFAEDTMYQNMPLPPAYGRDAVEQTLAGLFTVMSIDAVETFHIGSSNGLVYTERVDVLRALPTGKSYNLSILGVFQLTEGKITGWRDYFDLREFEEAVDLPLRG,T76W,7.0,25.0
169,1NWW,T85I,A,MTSKIEQPRWASKDSAAGAASTPDEKIVLEFMDALTSNDAAKLIEYFAEDTMYQNMPLPPAYGRDAVEQTLAGLFTVMSIDAVETFHIGSSNGLVYTERVDVLRALPTGKSYNLSILGVFQLTEGKITGWRDYFDLREFEEAVDLPLRG,T85I,7.0,25.0
170,1NWW,T85L,A,MTSKIEQPRWASKDSAAGAASTPDEKIVLEFMDALTSNDAAKLIEYFAEDTMYQNMPLPPAYGRDAVEQTLAGLFTVMSIDAVETFHIGSSNGLVYTERVDVLRALPTGKSYNLSILGVFQLTEGKITGWRDYFDLREFEEAVDLPLRG,T85L,7.0,25.0
171,1NWW,T85M,A,MTSKIEQPRWASKDSAAGAASTPDEKIVLEFMDALTSNDAAKLIEYFAEDTMYQNMPLPPAYGRDAVEQTLAGLFTVMSIDAVETFHIGSSNGLVYTERVDVLRALPTGKSYNLSILGVFQLTEGKITGWRDYFDLREFEEAVDLPLRG,T85M,7.0,25.0
172,1NWW,T85P,A,MTSKIEQPRWASKDSAAGAASTPDEKIVLEFMDALTSNDAAKLIEYFAEDTMYQNMPLPPAYGRDAVEQTLAGLFTVMSIDAVETFHIGSSNGLVYTERVDVLRALPTGKSYNLSILGVFQLTEGKITGWRDYFDLREFEEAVDLPLRG,T85P,7.0,25.0
173,1NWW,T85V,A,MTSKIEQPRWASKDSAAGAASTPDEKIVLEFMDALTSNDAAKLIEYFAEDTMYQNMPLPPAYGRDAVEQTLAGLFTVMSIDAVETFHIGSSNGLVYTERVDVLRALPTGKSYNLSILGVFQLTEGKITGWRDYFDLREFEEAVDLPLRG,T85V,7.0,25.0
174,1NWW,T85W,A,MTSKIEQPRWASKDSAAGAASTPDEKIVLEFMDALTSNDAAKLIEYFAEDTMYQNMPLPPAYGRDAVEQTLAGLFTVMSIDAVETFHIGSSNGLVYTERVDVLRALPTGKSYNLSILGVFQLTEGKITGWRDYFDLREFEEAVDLPLRG,T85W,7.0,25.0
175,1NWW,F86W,A,MTSKIEQPRWASKDSAAGAASTPDEKIVLEFMDALTSNDAAKLIEYFAEDTMYQNMPLPPAYGRDAVEQTLAGLFTVMSIDAVETFHIGSSNGLVYTERVDVLRALPTGKSYNLSILGVFQLTEGKITGWRDYFDLREFEEAVDLPLRG,F86W,7.0,25.0
176,1NWW,G89A,A,MTSKIEQPRWASKDSAAGAASTPDEKIVLEFMDALTSNDAAKLIEYFAEDTMYQNMPLPPAYGRDAVEQTLAGLFTVMSIDAVETFHIGSSNGLVYTERVDVLRALPTGKSYNLSILGVFQLTEGKITGWRDYFDLREFEEAVDLPLRG,G89A,7.0,25.0
177,1NWW,G89S,A,MTSKIEQPRWASKDSAAGAASTPDEKIVLEFMDALTSNDAAKLIEYFAEDTMYQNMPLPPAYGRDAVEQTLAGLFTVMSIDAVETFHIGSSNGLVYTERVDVLRALPTGKSYNLSILGVFQLTEGKITGWRDYFDLREFEEAVDLPLRG,G89S,7.0,25.0
178,1NWW,S91R,A,MTSKIEQPRWASKDSAAGAASTPDEKIVLEFMDALTSNDAAKLIEYFAEDTMYQNMPLPPAYGRDAVEQTLAGLFTVMSIDAVETFHIGSSNGLVYTERVDVLRALPTGKSYNLSILGVFQLTEGKITGWRDYFDLREFEEAVDLPLRG,S91R,7.0,25.0
179,1NWW,S91W,A,MTSKIEQPRWASKDSAAGAASTPDEKIVLEFMDALTSNDAAKLIEYFAEDTMYQNMPLPPAYGRDAVEQTLAGLFTVMSIDAVETFHIGSSNGLVYTERVDVLRALPTGKSYNLSILGVFQLTEGKITGWRDYFDLREFEEAVDLPLRG,S91W,7.0,25.0
180,1NWW,N92G,A,MTSKIEQPRWASKDSAAGAASTPDEKIVLEFMDALTSNDAAKLIEYFAEDTMYQNMPLPPAYGRDAVEQTLAGLFTVMSIDAVETFHIGSSNGLVYTERVDVLRALPTGKSYNLSILGVFQLTEGKITGWRDYFDLREFEEAVDLPLRG,N92G,7.0,25.0
181,1NWW,N92K,A,MTSKIEQPRWASKDSAAGAASTPDEKIVLEFMDALTSNDAAKLIEYFAEDTMYQNMPLPPAYGRDAVEQTLAGLFTVMSIDAVETFHIGSSNGLVYTERVDVLRALPTGKSYNLSILGVFQLTEGKITGWRDYFDLREFEEAVDLPLRG,N92K,7.0,25.0
182,1NWW,N92M,A,MTSKIEQPRWASKDSAAGAASTPDEKIVLEFMDALTSNDAAKLIEYFAEDTMYQNMPLPPAYGRDAVEQTLAGLFTVMSIDAVETFHIGSSNGLVYTERVDVLRALPTGKSYNLSILGVFQLTEGKITGWRDYFDLREFEEAVDLPLRG,N92M,7.0,25.0
183,1NWW,N92R,A,MTSKIEQPRWASKDSAAGAASTPDEKIVLEFMDALTSNDAAKLIEYFAEDTMYQNMPLPPAYGRDAVEQTLAGLFTVMSIDAVETFHIGSSNGLVYTERVDVLRALPTGKSYNLSILGVFQLTEGKITGWRDYFDLREFEEAVDLPLRG,N92R,7.0,25.0
184,1NWW,L94F,A,MTSKIEQPRWASKDSAAGAASTPDEKIVLEFMDALTSNDAAKLIEYFAEDTMYQNMPLPPAYGRDAVEQTLAGLFTVMSIDAVETFHIGSSNGLVYTERVDVLRALPTGKSYNLSILGVFQLTEGKITGWRDYFDLREFEEAVDLPLRG,L94F,7.0,25.0
185,1NWW,L94H,A,MTSKIEQPRWASKDSAAGAASTPDEKIVLEFMDALTSNDAAKLIEYFAEDTMYQNMPLPPAYGRDAVEQTLAGLFTVMSIDAVETFHIGSSNGLVYTERVDVLRALPTGKSYNLSILGVFQLTEGKITGWRDYFDLREFEEAVDLPLRG,L94H,7.0,25.0
186,1NWW,L94W,A,MTSKIEQPRWASKDSAAGAASTPDEKIVLEFMDALTSNDAAKLIEYFAEDTMYQNMPLPPAYGRDAVEQTLAGLFTVMSIDAVETFHIGSSNGLVYTERVDVLRALPTGKSYNLSILGVFQLTEGKITGWRDYFDLREFEEAVDLPLRG,L94W,7.0,25.0
187,1NWW,L94Y,A,MTSKIEQPRWASKDSAAGAASTPDEKIVLEFMDALTSNDAAKLIEYFAEDTMYQNMPLPPAYGRDAVEQTLAGLFTVMSIDAVETFHIGSSNGLVYTERVDVLRALPTGKSYNLSILGVFQLTEGKITGWRDYFDLREFEEAVDLPLRG,L94Y,7.0,25.0
188,1NWW,Y96F,A,MTSKIEQPRWASKDSAAGAASTPDEKIVLEFMDALTSNDAAKLIEYFAEDTMYQNMPLPPAYGRDAVEQTLAGLFTVMSIDAVETFHIGSSNGLVYTERVDVLRALPTGKSYNLSILGVFQLTEGKITGWRDYFDLREFEEAVDLPLRG,Y96F,7.0,25.0
189,1NWW,Y96W,A,MTSKIEQPRWASKDSAAGAASTPDEKIVLEFMDALTSNDAAKLIEYFAEDTMYQNMPLPPAYGRDAVEQTLAGLFTVMSIDAVETFHIGSSNGLVYTERVDVLRALPTGKSYNLSILGVFQLTEGKITGWRDYFDLREFEEAVDLPLRG,Y96W,7.0,25.0
190,1NWW,E98V,A,MTSKIEQPRWASKDSAAGAASTPDEKIVLEFMDALTSNDAAKLIEYFAEDTMYQNMPLPPAYGRDAVEQTLAGLFTVMSIDAVETFHIGSSNGLVYTERVDVLRALPTGKSYNLSILGVFQLTEGKITGWRDYFDLREFEEAVDLPLRG,E98V,7.0,25.0
191,1NWW,E98W,A,MTSKIEQPRWASKDSAAGAASTPDEKIVLEFMDALTSNDAAKLIEYFAEDTMYQNMPLPPAYGRDAVEQTLAGLFTVMSIDAVETFHIGSSNGLVYTERVDVLRALPTGKSYNLSILGVFQLTEGKITGWRDYFDLREFEEAVDLPLRG,E98W,7.0,25.0
192,1NWW,L106I,A,MTSKIEQPRWASKDSAAGAASTPDEKIVLEFMDALTSNDAAKLIEYFAEDTMYQNMPLPPAYGRDAVEQTLAGLFTVMSIDAVETFHIGSSNGLVYTERVDVLRALPTGKSYNLSILGVFQLTEGKITGWRDYFDLREFEEAVDLPLRG,L106I,7.0,25.0
193,1NWW,L106R,A,MTSKIEQPRWASKDSAAGAASTPDEKIVLEFMDALTSNDAAKLIEYFAEDTMYQNMPLPPAYGRDAVEQTLAGLFTVMSIDAVETFHIGSSNGLVYTERVDVLRALPTGKSYNLSILGVFQLTEGKITGWRDYFDLREFEEAVDLPLRG,L106R,7.0,25.0
194,1NWW,K110L,A,MTSKIEQPRWASKDSAAGAASTPDEKIVLEFMDALTSNDAAKLIEYFAEDTMYQNMPLPPAYGRDAVEQTLAGLFTVMSIDAVETFHIGSSNGLVYTERVDVLRALPTGKSYNLSILGVFQLTEGKITGWRDYFDLREFEEAVDLPLRG,K110L,7.0,25.0
195,1NWW,K110R,A,MTSKIEQPRWASKDSAAGAASTPDEKIVLEFMDALTSNDAAKLIEYFAEDTMYQNMPLPPAYGRDAVEQTLAGLFTVMSIDAVETFHIGSSNGLVYTERVDVLRALPTGKSYNLSILGVFQLTEGKITGWRDYFDLREFEEAVDLPLRG,K110R,7.0,25.0
196,1NWW,K110W,A,MTSKIEQPRWASKDSAAGAASTPDEKIVLEFMDALTSNDAAKLIEYFAEDTMYQNMPLPPAYGRDAVEQTLAGLFTVMSIDAVETFHIGSSNGLVYTERVDVLRALPTGKSYNLSILGVFQLTEGKITGWRDYFDLREFEEAVDLPLRG,K110W,7.0,25.0
197,1NWW,S111F,A,MTSKIEQPRWASKDSAAGAASTPDEKIVLEFMDALTSNDAAKLIEYFAEDTMYQNMPLPPAYGRDAVEQTLAGLFTVMSIDAVETFHIGSSNGLVYTERVDVLRALPTGKSYNLSILGVFQLTEGKITGWRDYFDLREFEEAVDLPLRG,S111F,7.0,25.0
198,1NWW,S111I,A,MTSKIEQPRWASKDSAAGAASTPDEKIVLEFMDALTSNDAAKLIEYFAEDTMYQNMPLPPAYGRDAVEQTLAGLFTVMSIDAVETFHIGSSNGLVYTERVDVLRALPTGKSYNLSILGVFQLTEGKITGWRDYFDLREFEEAVDLPLRG,S111I,7.0,25.0
199,1NWW,S111K,A,MTSKIEQPRWASKDSAAGAASTPDEKIVLEFMDALTSNDAAKLIEYFAEDTMYQNMPLPPAYGRDAVEQTLAGLFTVMSIDAVETFHIGSSNGLVYTERVDVLRALPTGKSYNLSILGVFQLTEGKITGWRDYFDLREFEEAVDLPLRG,S111K,7.0,25.0
200,1NWW,S111L,A,MTSKIEQPRWASKDSAAGAASTPDEKIVLEFMDALTSNDAAKLIEYFAEDTMYQNMPLPPAYGRDAVEQTLAGLFTVMSIDAVETFHIGSSNGLVYTERVDVLRALPTGKSYNLSILGVFQLTEGKITGWRDYFDLREFEEAVDLPLRG,S111L,7.0,25.0
201,1NWW,S111M,A,MTSKIEQPRWASKDSAAGAASTPDEKIVLEFMDALTSNDAAKLIEYFAEDTMYQNMPLPPAYGRDAVEQTLAGLFTVMSIDAVETFHIGSSNGLVYTERVDVLRALPTGKSYNLSILGVFQLTEGKITGWRDYFDLREFEEAVDLPLRG,S111M,7.0,25.0
202,1NWW,S111P,A,MTSKIEQPRWASKDSAAGAASTPDEKIVLEFMDALTSNDAAKLIEYFAEDTMYQNMPLPPAYGRDAVEQTLAGLFTVMSIDAVETFHIGSSNGLVYTERVDVLRALPTGKSYNLSILGVFQLTEGKITGWRDYFDLREFEEAVDLPLRG,S111P,7.0,25.0
203,1NWW,S111Q,A,MTSKIEQPRWASKDSAAGAASTPDEKIVLEFMDALTSNDAAKLIEYFAEDTMYQNMPLPPAYGRDAVEQTLAGLFTVMSIDAVETFHIGSSNGLVYTERVDVLRALPTGKSYNLSILGVFQLTEGKITGWRDYFDLREFEEAVDLPLRG,S111Q,7.0,25.0
204,1NWW,S111R,A,MTSKIEQPRWASKDSAAGAASTPDEKIVLEFMDALTSNDAAKLIEYFAEDTMYQNMPLPPAYGRDAVEQTLAGLFTVMSIDAVETFHIGSSNGLVYTERVDVLRALPTGKSYNLSILGVFQLTEGKITGWRDYFDLREFEEAVDLPLRG,S111R,7.0,25.0
205,1NWW,S111W,A,MTSKIEQPRWASKDSAAGAASTPDEKIVLEFMDALTSNDAAKLIEYFAEDTMYQNMPLPPAYGRDAVEQTLAGLFTVMSIDAVETFHIGSSNGLVYTERVDVLRALPTGKSYNLSILGVFQLTEGKITGWRDYFDLREFEEAVDLPLRG,S111W,7.0,25.0
206,1NWW,S111Y,A,MTSKIEQPRWASKDSAAGAASTPDEKIVLEFMDALTSNDAAKLIEYFAEDTMYQNMPLPPAYGRDAVEQTLAGLFTVMSIDAVETFHIGSSNGLVYTERVDVLRALPTGKSYNLSILGVFQLTEGKITGWRDYFDLREFEEAVDLPLRG,S111Y,7.0,25.0
207,1NWW,Q121I,A,MTSKIEQPRWASKDSAAGAASTPDEKIVLEFMDALTSNDAAKLIEYFAEDTMYQNMPLPPAYGRDAVEQTLAGLFTVMSIDAVETFHIGSSNGLVYTERVDVLRALPTGKSYNLSILGVFQLTEGKITGWRDYFDLREFEEAVDLPLRG,Q121I,7.0,25.0
208,1NWW,Q121V,A,MTSKIEQPRWASKDSAAGAASTPDEKIVLEFMDALTSNDAAKLIEYFAEDTMYQNMPLPPAYGRDAVEQTLAGLFTVMSIDAVETFHIGSSNGLVYTERVDVLRALPTGKSYNLSILGVFQLTEGKITGWRDYFDLREFEEAVDLPLRG,Q121V,7.0,25.0
209,1NWW,Q121W,A,MTSKIEQPRWASKDSAAGAASTPDEKIVLEFMDALTSNDAAKLIEYFAEDTMYQNMPLPPAYGRDAVEQTLAGLFTVMSIDAVETFHIGSSNGLVYTERVDVLRALPTGKSYNLSILGVFQLTEGKITGWRDYFDLREFEEAVDLPLRG,Q121W,7.0,25.0
210,1NWW,L122F,A,MTSKIEQPRWASKDSAAGAASTPDEKIVLEFMDALTSNDAAKLIEYFAEDTMYQNMPLPPAYGRDAVEQTLAGLFTVMSIDAVETFHIGSSNGLVYTERVDVLRALPTGKSYNLSILGVFQLTEGKITGWRDYFDLREFEEAVDLPLRG,L122F,7.0,25.0
211,1NWW,L122W,A,MTSKIEQPRWASKDSAAGAASTPDEKIVLEFMDALTSNDAAKLIEYFAEDTMYQNMPLPPAYGRDAVEQTLAGLFTVMSIDAVETFHIGSSNGLVYTERVDVLRALPTGKSYNLSILGVFQLTEGKITGWRDYFDLREFEEAVDLPLRG,L122W,7.0,25.0
212,1NWW,L122Y,A,MTSKIEQPRWASKDSAAGAASTPDEKIVLEFMDALTSNDAAKLIEYFAEDTMYQNMPLPPAYGRDAVEQTLAGLFTVMSIDAVETFHIGSSNGLVYTERVDVLRALPTGKSYNLSILGVFQLTEGKITGWRDYFDLREFEEAVDLPLRG,L122Y,7.0,25.0
213,1NWW,T123R,A,MTSKIEQPRWASKDSAAGAASTPDEKIVLEFMDALTSNDAAKLIEYFAEDTMYQNMPLPPAYGRDAVEQTLAGLFTVMSIDAVETFHIGSSNGLVYTERVDVLRALPTGKSYNLSILGVFQLTEGKITGWRDYFDLREFEEAVDLPLRG,T123R,7.0,25.0
214,1NWW,E124D,A,MTSKIEQPRWASKDSAAGAASTPDEKIVLEFMDALTSNDAAKLIEYFAEDTMYQNMPLPPAYGRDAVEQTLAGLFTVMSIDAVETFHIGSSNGLVYTERVDVLRALPTGKSYNLSILGVFQLTEGKITGWRDYFDLREFEEAVDLPLRG,E124D,7.0,25.0
215,1NWW,E124K,A,MTSKIEQPRWASKDSAAGAASTPDEKIVLEFMDALTSNDAAKLIEYFAEDTMYQNMPLPPAYGRDAVEQTLAGLFTVMSIDAVETFHIGSSNGLVYTERVDVLRALPTGKSYNLSILGVFQLTEGKITGWRDYFDLREFEEAVDLPLRG,E124K,7.0,25.0
216,1NWW,E124N,A,MTSKIEQPRWASKDSAAGAASTPDEKIVLEFMDALTSNDAAKLIEYFAEDTMYQNMPLPPAYGRDAVEQTLAGLFTVMSIDAVETFHIGSSNGLVYTERVDVLRALPTGKSYNLSILGVFQLTEGKITGWRDYFDLREFEEAVDLPLRG,E124N,7.0,25.0
217,1NWW,E124Q,A,MTSKIEQPRWASKDSAAGAASTPDEKIVLEFMDALTSNDAAKLIEYFAEDTMYQNMPLPPAYGRDAVEQTLAGLFTVMSIDAVETFHIGSSNGLVYTERVDVLRALPTGKSYNLSILGVFQLTEGKITGWRDYFDLREFEEAVDLPLRG,E124Q,7.0,25.0
218,1NWW,E124R,A,MTSKIEQPRWASKDSAAGAASTPDEKIVLEFMDALTSNDAAKLIEYFAEDTMYQNMPLPPAYGRDAVEQTLAGLFTVMSIDAVETFHIGSSNGLVYTERVDVLRALPTGKSYNLSILGVFQLTEGKITGWRDYFDLREFEEAVDLPLRG,E124R,7.0,25.0
219,1NWW,K126F,A,MTSKIEQPRWASKDSAAGAASTPDEKIVLEFMDALTSNDAAKLIEYFAEDTMYQNMPLPPAYGRDAVEQTLAGLFTVMSIDAVETFHIGSSNGLVYTERVDVLRALPTGKSYNLSILGVFQLTEGKITGWRDYFDLREFEEAVDLPLRG,K126F,7.0,25.0
220,1NWW,K126L,A,MTSKIEQPRWASKDSAAGAASTPDEKIVLEFMDALTSNDAAKLIEYFAEDTMYQNMPLPPAYGRDAVEQTLAGLFTVMSIDAVETFHIGSSNGLVYTERVDVLRALPTGKSYNLSILGVFQLTEGKITGWRDYFDLREFEEAVDLPLRG,K126L,7.0,25.0
221,1NWW,K126R,A,MTSKIEQPRWASKDSAAGAASTPDEKIVLEFMDALTSNDAAKLIEYFAEDTMYQNMPLPPAYGRDAVEQTLAGLFTVMSIDAVETFHIGSSNGLVYTERVDVLRALPTGKSYNLSILGVFQLTEGKITGWRDYFDLREFEEAVDLPLRG,K126R,7.0,25.0
222,1NWW,K126W,A,MTSKIEQPRWASKDSAAGAASTPDEKIVLEFMDALTSNDAAKLIEYFAEDTMYQNMPLPPAYGRDAVEQTLAGLFTVMSIDAVETFHIGSSNGLVYTERVDVLRALPTGKSYNLSILGVFQLTEGKITGWRDYFDLREFEEAVDLPLRG,K126W,7.0,25.0
223,1NWW,K126Y,A,MTSKIEQPRWASKDSAAGAASTPDEKIVLEFMDALTSNDAAKLIEYFAEDTMYQNMPLPPAYGRDAVEQTLAGLFTVMSIDAVETFHIGSSNGLVYTERVDVLRALPTGKSYNLSILGVFQLTEGKITGWRDYFDLREFEEAVDLPLRG,K126Y,7.0,25.0
224,1NWW,I127F,A,MTSKIEQPRWASKDSAAGAASTPDEKIVLEFMDALTSNDAAKLIEYFAEDTMYQNMPLPPAYGRDAVEQTLAGLFTVMSIDAVETFHIGSSNGLVYTERVDVLRALPTGKSYNLSILGVFQLTEGKITGWRDYFDLREFEEAVDLPLRG,I127F,7.0,25.0
225,1NWW,T128R,A,MTSKIEQPRWASKDSAAGAASTPDEKIVLEFMDALTSNDAAKLIEYFAEDTMYQNMPLPPAYGRDAVEQTLAGLFTVMSIDAVETFHIGSSNGLVYTERVDVLRALPTGKSYNLSILGVFQLTEGKITGWRDYFDLREFEEAVDLPLRG,T128R,7.0,25.0
226,1NWW,G129A,A,MTSKIEQPRWASKDSAAGAASTPDEKIVLEFMDALTSNDAAKLIEYFAEDTMYQNMPLPPAYGRDAVEQTLAGLFTVMSIDAVETFHIGSSNGLVYTERVDVLRALPTGKSYNLSILGVFQLTEGKITGWRDYFDLREFEEAVDLPLRG,G129A,7.0,25.0
227,1NWW,G129H,A,MTSKIEQPRWASKDSAAGAASTPDEKIVLEFMDALTSNDAAKLIEYFAEDTMYQNMPLPPAYGRDAVEQTLAGLFTVMSIDAVETFHIGSSNGLVYTERVDVLRALPTGKSYNLSILGVFQLTEGKITGWRDYFDLREFEEAVDLPLRG,G129H,7.0,25.0
228,1NWW,G129S,A,MTSKIEQPRWASKDSAAGAASTPDEKIVLEFMDALTSNDAAKLIEYFAEDTMYQNMPLPPAYGRDAVEQTLAGLFTVMSIDAVETFHIGSSNGLVYTERVDVLRALPTGKSYNLSILGVFQLTEGKITGWRDYFDLREFEEAVDLPLRG,G129S,7.0,25.0
229,1NWW,G129T,A,MTSKIEQPRWASKDSAAGAASTPDEKIVLEFMDALTSNDAAKLIEYFAEDTMYQNMPLPPAYGRDAVEQTLAGLFTVMSIDAVETFHIGSSNGLVYTERVDVLRALPTGKSYNLSILGVFQLTEGKITGWRDYFDLREFEEAVDLPLRG,G129T,7.0,25.0
230,1NWW,E138A,A,MTSKIEQPRWASKDSAAGAASTPDEKIVLEFMDALTSNDAAKLIEYFAEDTMYQNMPLPPAYGRDAVEQTLAGLFTVMSIDAVETFHIGSSNGLVYTERVDVLRALPTGKSYNLSILGVFQLTEGKITGWRDYFDLREFEEAVDLPLRG,E138A,7.0,25.0
231,1NWW,E138F,A,MTSKIEQPRWASKDSAAGAASTPDEKIVLEFMDALTSNDAAKLIEYFAEDTMYQNMPLPPAYGRDAVEQTLAGLFTVMSIDAVETFHIGSSNGLVYTERVDVLRALPTGKSYNLSILGVFQLTEGKITGWRDYFDLREFEEAVDLPLRG,E138F,7.0,25.0
232,1NWW,E138H,A,MTSKIEQPRWASKDSAAGAASTPDEKIVLEFMDALTSNDAAKLIEYFAEDTMYQNMPLPPAYGRDAVEQTLAGLFTVMSIDAVETFHIGSSNGLVYTERVDVLRALPTGKSYNLSILGVFQLTEGKITGWRDYFDLREFEEAVDLPLRG,E138H,7.0,25.0
233,1NWW,E138L,A,MTSKIEQPRWASKDSAAGAASTPDEKIVLEFMDALTSNDAAKLIEYFAEDTMYQNMPLPPAYGRDAVEQTLAGLFTVMSIDAVETFHIGSSNGLVYTERVDVLRALPTGKSYNLSILGVFQLTEGKITGWRDYFDLREFEEAVDLPLRG,E138L,7.0,25.0
234,1NWW,E138N,A,MTSKIEQPRWASKDSAAGAASTPDEKIVLEFMDALTSNDAAKLIEYFAEDTMYQNMPLPPAYGRDAVEQTLAGLFTVMSIDAVETFHIGSSNGLVYTERVDVLRALPTGKSYNLSILGVFQLTEGKITGWRDYFDLREFEEAVDLPLRG,E138N,7.0,25.0
235,1NWW,E138Q,A,MTSKIEQPRWASKDSAAGAASTPDEKIVLEFMDALTSNDAAKLIEYFAEDTMYQNMPLPPAYGRDAVEQTLAGLFTVMSIDAVETFHIGSSNGLVYTERVDVLRALPTGKSYNLSILGVFQLTEGKITGWRDYFDLREFEEAVDLPLRG,E138Q,7.0,25.0
236,1NWW,E138R,A,MTSKIEQPRWASKDSAAGAASTPDEKIVLEFMDALTSNDAAKLIEYFAEDTMYQNMPLPPAYGRDAVEQTLAGLFTVMSIDAVETFHIGSSNGLVYTERVDVLRALPTGKSYNLSILGVFQLTEGKITGWRDYFDLREFEEAVDLPLRG,E138R,7.0,25.0
237,1NWW,E138W,A,MTSKIEQPRWASKDSAAGAASTPDEKIVLEFMDALTSNDAAKLIEYFAEDTMYQNMPLPPAYGRDAVEQTLAGLFTVMSIDAVETFHIGSSNGLVYTERVDVLRALPTGKSYNLSILGVFQLTEGKITGWRDYFDLREFEEAVDLPLRG,E138W,7.0,25.0
238,1NWW,E138Y,A,MTSKIEQPRWASKDSAAGAASTPDEKIVLEFMDALTSNDAAKLIEYFAEDTMYQNMPLPPAYGRDAVEQTLAGLFTVMSIDAVETFHIGSSNGLVYTERVDVLRALPTGKSYNLSILGVFQLTEGKITGWRDYFDLREFEEAVDLPLRG,E138Y,7.0,25.0
239,1NWW,E141R,A,MTSKIEQPRWASKDSAAGAASTPDEKIVLEFMDALTSNDAAKLIEYFAEDTMYQNMPLPPAYGRDAVEQTLAGLFTVMSIDAVETFHIGSSNGLVYTERVDVLRALPTGKSYNLSILGVFQLTEGKITGWRDYFDLREFEEAVDLPLRG,E141R,7.0,25.0
240,1NWW,A142R,A,MTSKIEQPRWASKDSAAGAASTPDEKIVLEFMDALTSNDAAKLIEYFAEDTMYQNMPLPPAYGRDAVEQTLAGLFTVMSIDAVETFHIGSSNGLVYTERVDVLRALPTGKSYNLSILGVFQLTEGKITGWRDYFDLREFEEAVDLPLRG,A142R,7.0,25.0
241,1NWW,D144G,A,MTSKIEQPRWASKDSAAGAASTPDEKIVLEFMDALTSNDAAKLIEYFAEDTMYQNMPLPPAYGRDAVEQTLAGLFTVMSIDAVETFHIGSSNGLVYTERVDVLRALPTGKSYNLSILGVFQLTEGKITGWRDYFDLREFEEAVDLPLRG,D144G,7.0,25.0
242,1NWW,D144H,A,MTSKIEQPRWASKDSAAGAASTPDEKIVLEFMDALTSNDAAKLIEYFAEDTMYQNMPLPPAYGRDAVEQTLAGLFTVMSIDAVETFHIGSSNGLVYTERVDVLRALPTGKSYNLSILGVFQLTEGKITGWRDYFDLREFEEAVDLPLRG,D144H,7.0,25.0
243,1NWW,D144K,A,MTSKIEQPRWASKDSAAGAASTPDEKIVLEFMDALTSNDAAKLIEYFAEDTMYQNMPLPPAYGRDAVEQTLAGLFTVMSIDAVETFHIGSSNGLVYTERVDVLRALPTGKSYNLSILGVFQLTEGKITGWRDYFDLREFEEAVDLPLRG,D144K,7.0,25.0
244,1NWW,D144N,A,MTSKIEQPRWASKDSAAGAASTPDEKIVLEFMDALTSNDAAKLIEYFAEDTMYQNMPLPPAYGRDAVEQTLAGLFTVMSIDAVETFHIGSSNGLVYTERVDVLRALPTGKSYNLSILGVFQLTEGKITGWRDYFDLREFEEAVDLPLRG,D144N,7.0,25.0
245,1NWW,D144R,A,MTSKIEQPRWASKDSAAGAASTPDEKIVLEFMDALTSNDAAKLIEYFAEDTMYQNMPLPPAYGRDAVEQTLAGLFTVMSIDAVETFHIGSSNGLVYTERVDVLRALPTGKSYNLSILGVFQLTEGKITGWRDYFDLREFEEAVDLPLRG,D144R,7.0,25.0
246,1NWW,D144W,A,MTSKIEQPRWASKDSAAGAASTPDEKIVLEFMDALTSNDAAKLIEYFAEDTMYQNMPLPPAYGRDAVEQTLAGLFTVMSIDAVETFHIGSSNGLVYTERVDVLRALPTGKSYNLSILGVFQLTEGKITGWRDYFDLREFEEAVDLPLRG,D144W,7.0,25.0
247,1NWW,D144Y,A,MTSKIEQPRWASKDSAAGAASTPDEKIVLEFMDALTSNDAAKLIEYFAEDTMYQNMPLPPAYGRDAVEQTLAGLFTVMSIDAVETFHIGSSNGLVYTERVDVLRALPTGKSYNLSILGVFQLTEGKITGWRDYFDLREFEEAVDLPLRG,D144Y,7.0,25.0
